color,size,styleNumber,productImageName,theme,subTheme,productName,shortDesc,longDesc,longDesc2,regularPrice,salePrice,bestSelling,closeOut,season,packageType,weight,gender
Mossy Oak with Brown Boots,7 to 14,WIN92302MOB,WIN92302MOB,HUNTING,WADER,Wolf Creek WIN92302 MOB,Winchester Waders,"• 3.5MM neoprene upper laminated to camouflage nylon on the outside and nylon on the inside • All seams are butt cemented, stitched and sealed • 100% waterproof • 400 grams of Thinsulate™ Ultra Insulation for warmth • Double kneepads • Repair Kit • Removable suspenders so wader can be rolled down Bootfoot • All vulcanized construction-ozone resistant compound • Completely insulated with thick sponge rubber • Molded outsole for better traction",,109.95,,,,All Season,Boxed,12,Men
Brown Mossy Oak,8 to 13; including half sizes to 10.5,WIN8800MOB,WIN8800MOB,HUNTING,BOOTS,Talon WIN8800MOB,Winchester Boots,• 100% waterproof • Protects against snakes – 100% guaranteed! • Leather uppers with camouflage nylon inserts • Snake guard lining for protection • Removable insole for comfort • Rear heel flex for all day walking • Rugged rubber outsole for superior traction • Strong laces and rust proof hooks and D-rings • Non-insulated Hunting Boots (Pro Line),,95.95,89.95,,,All Seasons,Boxed,7,Men
Black with Red Trim,7 to 14,121M,121M,FISHING,BOOTS,121M,Men and Youth Black Knee Rubber Boot,• All vulcanized rubber construction • 100% waterproof • High content rubber compounds provide strength and durability • All have deep cleated rubber outsole • Steel shanks for stability Rubber Boots (Pro Line),,29.95,,Y,Y,All Seasons,Boxed,6,Men
Green with Tan Trim,"8 to 13 men; boy and women 4/6, 5/7, 6/8, 7/9",151Tan,151Tan,RUBBER BOOTS,BOOTS,Camper 151TAN,Rubber slip on moc,• 100% waterproof • Neoprene collar for comfort • Removable insole for all day wear • Calendar outsole for sure traction in all weather • Pull tab for easy on and off • Men's &amp; Boy’s / Women’s Dual Sizing Rubber Boot (Pro Line),,43.95,,,,All Seasons,Boxed,4,
Black,8 to 13,155M,155M,RUBBER BOOTS,BOOTS,Launch 155M,Pull On Neoprene Boot,• 100% waterproof • Pull on 5.0MM neoprene upper and rubber bottom • Pull Tab for easy on and off • Non marking calendar outsole for sure traction Rubber Boots (Pro Line),,54.95,,,,All Seasons,Boxed,5,Men
Dark Green; Chocolate Brown,7 to 13,16002,16002GRN,FISHING,BOOTS,16002,Rubber Knee Boot,"Completely insulated with foam rubber around the entire foot • 100% waterproof • All vulcanized rubber construction • Heavy cotton lining and cushioned insoles with steel shanks for comfort and support • Adjustable, buckle cinch strap • Ozone resistant rubber compound Rubber Boots (Pro Line)",,44.95,,,,All Seasons,Boxed,8,Men
Dark Green; Chocolate Brown,7 to 13,16003,16003,PAC BOOTS,BOOTS,16003,Rubber Pac Boot,"• This all rubber 100% waterproof boot has a removable extra-thick wool felt liner for maximum warmth and comfort. Also a nylon snow collar with draw tight lace • Heavy duty, deep cleated outsole for superior traction • Ozone resistant rubber compound Rubber Pac Boot (Pro Line)",,44.95,,,,All Seasons,Boxed,8,Men
Brown with Black Knee Pads; Trim,7 to 14,2011,2011,FISHING,WADER,STREAM 2011,Men's Rubber Hip Wader,"• Vulcanized construction - factory tested 100% waterproof • Insulated boot with sponge rubber padding • Deep cleated outsole for sure traction • Layered toe cap for longer wear • Aggressive padded knee for protection and comfort • Large inside utility pocket • Draw string for better fit • Reinforced belt loops (wading belt recommended, not included) • Inside knee harness for alternative wear • Adjustable side strap for better fit",,54.95,,Y,,All Seasons,Boxed,10,Men
Brown with Black Knee Pads; Trim,7 to 14,2012,2012,FISHING,WADER,Stream 2012,Men's Rubber Chest Wader,"• Vulcanized construction - factory tested 100% waterproof • Insulated boot with sponge rubber padding • Deep cleated outsole for sure traction • Layered toe cap for longer wear • Aggressive padded knee for protection and comfort • Large inside utility pocket • Draw string for better fit • Reinforced belt loops (wading belt recommended, not included)",,74.95,,,Y,All Seasons,Boxed,12,Men
Tan,"S, M, L, XL",4802,4802,FISHING,WADER,Wallkill 4802,Men's Breathable Chest Wader,Upper Wader • 100% waterproof • Waders feature waterproof/breathable coating that lets the body heat and perspiration escape while keeping the wet and moisture out • Inside pocket with hook and loop closure • Belt loops and wader belt for safety • Elastic suspenders are adjustable for better fit • Self fabric gravel cuffs with lace keeper to keep sand and pebbles out,,99.95,,,,All Seasons,Boxed,5,
Khaki,7 to 14,21103KHK,21103KHK,FISHING,WADER,STREAM - 21103,Men's Rubber Hip Wader,"• Vulcanized construction - factory tested 100% waterproof • Insulated boot with sponge rubber padding • Deep cleated outsole for sure traction • Layered toe cap for longer wear • Aggressive padded knee for protection and comfort • Large inside utility pocket • Draw string for better fit • Reinforced belt loops (wading belt recommended, not included) • Inside knee harness for alternative wear • Adjustable side strap for better fit",,49.95,,Y,,All Seasons,Boxed,10,Men
Khaki,7 to 14,22103KHK,22103KHK,FISHING,WADER,STREAM - 22103KHK,Men's Rubber Chest Wader,"• Vulcanized construction - factory tested 100% waterproof • Insulated boot with sponge rubber padding • Deep cleated outsole for sure traction • Layered toe cap for longer wear • Aggressive padded knee for protection and comfort • Large inside utility pocket • Draw string for better fit • Reinforced belt loops (wading belt recommended, not included)",,69.95,,,Y,,,12,Men
Green,"S, M, L, XL, XL",42002,42002,FISHING,WADER,Summit 42002,Breathable Wader,• 100% waterproof • High grade 5 layer nylon upper is laminated with waterproof/breathable membrane • Deluxe front hand warmer pocket with organizer pockets • Inside utility pocket • Top draw string and side cinch straps for better fit • Elastic adjustable suspenders • Reinforced knee and seat • Self fabric gravel cuffs with lace keeper • Accessory D-rings,,219.95,199.95,,,All Seasons,Boxed,5,Men
Tan,8 to 13,42102,42102,FISHING,WADER,WALLKILL 42102,Men's Breathable Chest Wader,Upper Wader • 100% waterproof • Waders feature waterproof/breathable coating that lets the body heat and perspiration escape while keeping the wet and moisture out • Inside pocket with hook and loop closure • Belt loops and wader belt for safety • Elastic suspenders are adjustable for better fit Rubber Boot Foot • Neoprene Lining for extra comfort and warmth • Special ozone resistant rubber compounding to avoid cracking and deterioration • Deep cleated outsole,,199.95,179.95,,,All Season,Boxed,11,Men
Amber Olive,"S, M, L, XL",43001,43001,FISHING,WADER,Sage Creek 43001,Men's Breathable Waist High Wader- Stocking Foot,Upper Wader • 100% waterproof • Polyester Poplin outer shell is laminated to high tech membrane that lets body heat and perspiration escape while keeping the wet and moisture out • Inside pocket with zipper • Draw string for better fit • Belt loops and wader belt for safety,,129.95,,,,All Seasons,Boxed,5,Men
Yellow with Black Trim,7 to 15,175Y,175Y,RUBBER BOOTS,BOOTS,175Y,Men's Pull on Slush boot,• All vulcanized rubber construction • 100% waterproof • High content rubber compounds provide strength and durability • All have deep cleated rubber outsole Rubber Boots (Pro Line),,29.95,,,,All Seasons,Poly Bag,8,Men
Dark Brown,7 to 14,2031,2031,FISHING,WADER,Creek 2031,Men's Rubber Hip Wader,• Premier Insulated Rubber Waders • Vulcanized construction - factory tested 100% waterproof • Special rubber compound to avoid cracking and deterioration - Ozone Resistant • Poly foam and Sponge Rubber Insulation for maximum protection from the cold • Padded cushion knee pads for ultimate comfort and protection • Self cleaning pro grip outsole and heel for stability and sure traction in all terrain • Removable insole for all day wearing comfort • Large inside utility pocket • Draw string for snug fit • Reinforced belt loops (recommended use of belt- not included) • Inside knee harness for alternative wear • Adjustable side strap for perfect fit,,69.95,,,,All Seasons,Boxed,11,Men
Dark Brown,7 to 14,2032,2032,FISHING,WADER,Tide 2032,Men's Rubber Chest Wader,• Premier Insulated Rubber Waders • Vulcanized construction - factory tested 100% waterproof • Special rubber compound to avoid cracking and deterioration - Ozone Resistant • Poly foam and Sponge Rubber Insulation for maximum protection from the cold • Padded cushion knee pads for ultimate comfort and protection • Self cleaning pro grip outsole and heel for stability and sure traction in all terrain • Removable insole for all day wearing comfort • Large inside utility pocket • Draw string for snug fit • Reinforced belt loops (recommended use of belt- not included,,84.95,,,,All Seasons,Boxed,13,Men
Dark Brown,7 to 13,3111,3111,FISHING,WADER,Pro Liner 3111,3-Ply Nylon Hip Wader,"• 100% waterproof • Innovative One Piece, Seamless construction of Stretchable, Lightweight and Durable 3-ply nylon jersey/rubber/nylon jersey material • Test proven superiority over canvas, rubber or nylon for abrasion resistant • Reinforced knee pads • Large inside pocket for extra storage • Belt loops • YKK&#174; buckles for extra quality &amp; wear • Inside draw string for snug fit • Outside rubber pull strap for tighter fit • Adjustable nylon wader strap • Ozone resistant special rubber compounding to avoid cracking and deterioration • Cleated outsole for super traction • 200 grams of Thinsulate™ Insulation • Soft PU sponge rubber for extra insulation in shaft",,79.95,,,,All Seasons,Boxed,12,Men
Dark Brown,7 to 13,3112,3112,FISHING,WADER,Pro Liner 3112,3-Ply Nylon Chest Wader,"• 100% waterproof • Innovative One Piece, Seamless construction of Stretchable, Lightweight and Durable 3-ply nylon jersey/rubber/nylon jersey material • Test proven superiority over canvas, rubber or nylon for abrasion resistant • Reinforced knee pads • Large inside pocket for extra storage • Belt loops • YKK&#174; buckles for extra quality &amp; wear • Inside draw string for snug fit • Ozone resistant special rubber compounding to avoid cracking and deterioration • Cleated outsole for super traction • 200 grams of Thinsulate™ Insulation • Soft PU sponge rubber for extra insulation in shaft",,109.95,99.95,,,All Seasons,Boxed,13,Men
Khaki,7 to 13,32301KHK,32301KHK,FISHING,WADER,Pro Liner 32301,3-Ply Nylon Chest Wader,"• 100% waterproof • Innovative One Piece, Seamless construction of Stretchable, Lightweight and Durable 3-ply nylon jersey/rubber/nylon jersey material • Test proven superiority over canvas, rubber or nylon for abrasion resistant • Reinforced knee pads • Large inside pocket for extra storage • Belt loops • YKK&#174; buckles for extra quality &amp; wear • Inside draw string for snug fit • Ozone resistant special rubber compounding to avoid cracking and deterioration • Cleated outsole for super traction • 200 grams of Thinsulate™ Insulation • Soft PU sponge rubber for extra insulation in shaft",,99.95,89.95,,,All Seasons,Boxed,13,Men
Light Brown,8 to 13,42301MX4,42301MX4,HUNTING,WADER,Rogue 42301MX4,Breathable Chest Wader,• 100% waterproof breathable upper • High back design with elastic top line for better fit • Outside utility pocket with hook and loop closure • Wader belt for safety • Adjustable suspenders for excellent fit • YKK&#174; buckles for easy on and off Bootfoot • Ozone resistant rubber to prevent cracking and deterioration • 600 grams of Thinsulate™ Ultra Insulation for warmth • Molded outsole for better traction,,149.95,,,,All Seasons,Boxed,12,Men
Camo,8 to 13 with half sizes up to 10.5,63001HWD,63001HWD,HUNTING,BOOTS,DAKOTA 63001HWD,Camo Moc,• All over camouflage nylon uppers • Elastic side gores for snug fit • Nylon pull tab for easy on and off • Lightweight long wearing rubber outsole • Soft removable insole Color: Realtree&#174; Hardwood Grey™ Hiking Boot (Pro Line),,29.95,,,,All Seasons,Boxed,4,Men
Camo with Black and Beige Trim,8 to 13 with half sizes up to 11.5,63002HWD,63002HWD,HUNTING,BOOTS,Trail Breaker 63002HWD,Men's Camo Hiker,"• 900 denier nylon and suede leather upper • Black PVC toe and heel overlay for protection • Lightweight phylon midsole and rubber outsole • Pull tab for easy on and off • Removable insole for all day comfort Color: Grey, Tan, Realtree&#174; Hardwood Grey™ Hiking Boots (Pro Line)",,39.95,,,,All Seasons,Boxed,4,Men
Tan,7 to 13,7201,7201,FISHING,WADER,Hickory Creek 7201,Men's Canvas Hip Wader,"• The upper is a lamination of three plies of canvas, rubber and canvas • Ideal for walking through brush, briar, etc. • The hip wader has belt straps and knee harnesses • Each wader is tank tested to assure 100% waterproof • The felt outsole styles feature a thick, tough and long wearing polypropylene felt combination • Heavy duty cotton lining with sponge insoles",,74.95,,,,All Season,Boxed,10,Men
Dark Camo with Black Trim,7 to 13,C-39BU,C-39BU,HUNTING,BOOTS,C-39BU,Rubber Bottom Hunting Boot,"• The upper is constructed of 900 denier nylon with double padded collar • The waterproof rubber bottom is insulated with 200 grams of Thinsulate™ Insulation throughout the entire foot • Fully lined with sponge and fleece insole • Height 10-1/2” with 8 eyelets • Lightweight and flexible, a great all-around hunting and sport boot • Cold activity rating to minus 20 degrees Color: Mossy Oak&#174; Break Up™ Hunting Boots (Pro Line)",,39.95,,,,All Seasons,Boxed,5,Men
Dark Brown,7 to 14,NW9301,NW9301,FISHING,WADER,Marsh Creek NW9301,Neoprene Bootfoot Chest Wader,"• Neoprene Chest Waders • 3.5MM neoprene lightweight, insulated, snug fit • Each wader is air and water tested to assure waterproof • All seams are butt cemented, stitched and sealed • Removable suspenders so wader upper can be rolled down • Quick release buckles • Large outside pocket • Repair kit and instruction included • Double knee patches Rubber Boot Foot • All vulcanized rubber construction • Completely insulated with thick sponge, rubber • 200 grams of Thinsulate™ Insulation • The rubber outsole style features a deep cleated design for traction",,109.95,,,,All Season,Boxed,10,Men
Tan,7 to 14,W275V,W275V,FISHING,BOOTS,Navasink W275V,Felt Outsole with hook and loop straps,"• The most rugged wading shoe available today • The upper is constructed of 1200 denier nylon, reinforced with rubber foxing tape and hard rubber toes • Large padded collar with pull on strap and drain holes • The width is wide and will accommodate all stocking foot waders",,49.95,,,,All Seasons,Boxed,5,Men
Tan,7 to 14,W285D,W285D,FISHING,BOOTS,Navasink W285D,Rubber Outsole with D-Rings,"• The most rugged wading shoe available today • The upper is constructed of 1200 denier nylon, reinforced with rubber foxing tape and hard rubber toes • Large padded collar with pull on strap and drain holes • The width is wide and will accommodate all stocking foot waders",,49.95,,,,All Seasons,Boxed,5,Men
Black,7 to 13,W375R,W375R,FISHING,BOOTS,Fishkill W375R,Neoprene Wading Shoes,• 5MM neoprene upper with side zipper • Reinforced rubber vamp and heel counter • Threaded rubber calendar outsole • Side zipper easy on-off,,54.95,44.95,,,All Seasons,Boxed,5,Men
Silver; Green,Men 8 to 13,W430,W430,FISHING,BOOTS,Clear Creek W430,Nylon Felt Sole Wading Shoes,"• Lightweight felt sole wading shoe • Durable 1500 denier nylon and PVC overlay • Scuff resistant toe cap and heel counter for stability • Non rusting eyelets, strong nylon lace for better fit • Removable insole for comfort • Light weight PU midsole, protects from rugged bottoms • One piece felt outsole for better traction, helps prevent slipping on wet and mossy rocks • Quick drying lining • Wading shoe is made to allow better fit with neoprene bootie on wader",,59.95,,,,All Seasons,Boxed,5,Men
Brown,3 to 6   7 to 14,501,501,FISHING,WADER,RUBBER HIP 501,Rubber Hip Boot Cleated Outsole,,,49.95,,,,ALL,Polybag,8,Children
Dark Green,8 to 13,14401GRN,14401GRN,RUBBER BOOTS,BOOTS,BRUSH CREEK 14401GRN,Rubber Knee Boot,"•100% Waterproof •All vulcanized rubber construction •Special rubber compounding formula for ozone resistance to avoid cracking •Fully lined with neoprene to give you better fit, comfort, and warmth •Moisture wicking fleece lining •400 grams of Thinsulate™ Ultra Insulation for warmth •EVA midsole and removable insole for all day comfort •Rugged outsole with Ice Sensor™ compound for superior traction Ruuber Boots (Pro Line)",,99.95,,,,ALL,Boxed,10,Men
Brown,"3/5, 4/6, 5/7, 6/8, 9, 10",905,905,FISHING,WADER,RIVERETTE 905, Boy's and Women's Rubber Chest Wader,"•Vulcanized construction - factory tested 100% waterproof • Insulated boot with sponge rubber padding • Deep cleated outsole for sure traction • Layered toe cap for longer wear • Aggressive padded knee for protection and comfort • Large inside utility pocket • Draw string for better fit • Reinforced belt loops (wading belt recommended, not included)",,74.95,,,,ALL,Boxed,10,Boy; Women
Brown,3 to 6,2010,2010,FISHING,WADER,STREAM 2010,Boy's Rubber Hip Boot,• Vulcanized construction - factory tested 100% waterproof • Insulated boot with sponge rubber padding • Deep cleated outsole for sure traction • Layered toe cap for longer wear • Aggressive padded knee for protection and comfort • Inside knee harness for alternative wear • Adjustable side strap for better fit,,54.95,,,,All,Polybag,9,Children
Tan,7 to 13,42402,42402,FISHING,WADER,WALLKILL 42402,Breathable Bootfoot Wader Felt Sole,"Upper Wader • 100% waterproof • Waders feature waterproof/breathable coating that lets the body heat and perspiration escape while keeping the wet and moisture out • Inside pocket with hook and loop closure • Belt loops and wader belt for safety • Elastic suspenders are adjustable for better fit Bootfoot • Neoprene Lining for extra comfort and warmth • Special ozone resistant rubber compounding to avoid cracking and deterioration • Felt outsole style features a heavy felt for super traction on slippery surfaces like rocks, etc.",,179.95,,,,All,Boxed,11,Men
Dark Green,7 to 14,71101,71101,FISHING,WADER,Twin River 71101,Lightweight 420D Nylon Hip Boot,•100% Waterproof •Extremely lightweight rubber construction with 300D nylon lamination but with durability and strength to protect •Cleated outsole for sure traction •Removable insole for all day wearing comfort •Adjustable side strap for perfect fit,,59.95,,,,All,Boxed,10,Men
Brown ,7 to 13,82001,82001,PAC BOOTS,BOOTS,Camper Twin Gore 82001,Nubuck Leather Pull On Boot,•Premium Nubuck leather upper •Elastic twin gore and pull tabs for easy on and off •Waterproof molded TPR shell for long wearing •Fully lined with Nylex •Removable insole for all day comfort •200 grams of Thinsulate™ Insulation Pac Boot (Pro Line),,44.95,,,,All,Boxed,6,Men
Brown,7 to 13,88201,88201,PAC BOOTS,BOOTS,High Sierra 88201,Suede Leather Pac Boot,•Suede leather upper with 1200 denier nylon padded tongue for comfort •Removable liner with 200 grams of Thinsulate™ Insulation for warmth •Molded outsole for superior traction •Pull tab for easy on and off •Rust proof hooks and D-rings for quick lacing Pac Boots (Pro Line),,59.95,,,,Winter,Polybag,5,Men
Brown with Camo,8 to 13,14001MOB,14001MOB,HUNTING,BOOTS,Hidden Trail II 14001MOB,Rubber and Spantough™ Knee Boot,• 100% Waterproof - all vulcanized rubber construction • Fully lined with Neoprene for warmth and comfort • SpanTough™ shafts for high abrasion and long wearing • Black rubber toe and heel reinforcements • Molded rubber outsole for super traction • Removable insole for all day comfort Mossy Oak&#174; New Break Up™ Rubber Boots (Pro Line),,74.95,,,,Fall,Boxed,10,Men
Brown with Black Knee Pads; Trim,Boy 3 to 6,2010F,2010F,FISHING,WADER,STREAM 2010F,Boy's Rubber Hip Boot Felt Sole,• Vulcanized construction - factory tested 100% waterproof • Insulated boot with sponge rubber padding • Felt outsole for sure traction • Layered toe cap for longer wear • Aggressive padded knee for protection and comfort • Inside knee harness for alternative wear • Adjustable side strap for better fit,,54.95,,,,All,Polybag,9,Children
Dark Brown,6 to 13,3141,3141,FISHING,WADER,Proliners 3141,3-Ply Stretch Hip Wader Felt Bottom,"• 100% waterproof • Innovative construction of Stretchable, Lightweight and Durable 3-ply nylon jersey/rubber/nylon jersey material • Test proven superiority over canvas, rubber or nylon for abrasion resistant • Reinforced knee pads • Outside rubber pull strap for tighter fit • Adjustable nylon wader strap • Ozone resistant special rubber compounding to avoid cracking and deterioration • Felt outsole for slip protection • 200 grams of Thinsulate™ Insulation • Soft PU sponge rubber for extra insulation in shaft",,89.95,79.95,,,all,Boxed,11,Men
Navy Blue with Grey,8 to 13,385M,385M,RUBBER BOOTS,BOOTS,Captain 385M,16&quot;Rubber Knee Boot,•16” Rubber Knee Boot •100% Waterproof •Cotton lining with removable cushioned insole •Draw String collar to keep you dry •Embossed rubber toe for added protection •Top of the line highly resistant non-skid outsole •Heel kicker for easy on and off,,59.95,,,,All,Boxed,7,Men
Brown Camo,7 to 14,711,711,FISHING,WADER,Walnut Canyon 711,Canvas Camo Hip Boot,• High content rubber compound • Deep cleated gum rubber outsole • Steel shanks • 100% waterproof • All vulcanized rubber construction • Cushion insoles • 3-Ply construction on upper • Insulated throughout the entire bottom over the ankle with sponge rubber,,69.95,,,,All,Boxed,10,Men
Brown,7 to 12,W440,W440,FISHING,BOOTS,Rivulet W440,Metal Studded Felt Outsole Wading Shoe,•Full Grain leather and ballistic nylon upper for superior wear and comfort •Padded collar and gusset tongue for snug fit •Sturdy heel counters and toe cap for long wear •Removable insole •Sized to accommodate stocking foot wader •Tough laces and D-ring hardware for snug fit •Drain holes for comfort •Lightweight polyurethane midsole for comfort •Unique outsole design – two piece felt outsole with rubber strike areas for long wear •Tungsten Steel Metal Studs to prevent slipping,,89.95,,,,All,Boxed,5,Men
Brown with Camo,3 to 6,WIN1009BU,WIN1009BU,HUNTING,BOOTS,Sharp Shooter WIN1009BU,Boy's and Youth's Nubuck Hunting Boot,"•Silicon impregnated waterproof Nubuck leather with 1000 Denier Cordura&#174; Nylon on side panel •Complete waterproof construction with latex sealed seams and injected outsoles •400 grams of Thinsulate™ Ultra Insulation surrounds the entire foot •Cambrelle&#174; lining wick away any moisture •Orthotic molded insole, molded lug outsole •100% waterproof •Speed lace system Hunting Boots (Pro Line)",,59.95,,,,Fall,Boxed,6,Children
Mossy Oak with Brown Boots,7 to 13,WIN7002MOB,WIN7002MOB,HUNTING,WADER,Sunrise WIN7002MOB,Winchester Camo Wader,•Durable 420 Denier nylon laminated to rubber with 90 Denier backing •All seams vulcanized to keep water out •100% waterproof •Inside utility pocket •Strong drawstring for better fit •Accessory rings •Molded foam knee pads for comfort •Lightweight for all day wearing •Vulcanized rubber boot is permanently attached to upper •Cleated outsole for traction •200 grams of Thinsulate™ Insulation for warmth •Rubber foam midsole for comfort •Steel Shank for stability,,99.95,,,,All,Boxed,13,Men
Light Brown,7 to 13,Win7002MX4,Win7002MX4,HUNTING,WADER,Sunrise WIN7002MX4,Winchester Camo Wader,•Durable 420 Denier nylon laminated to rubber with 90 Denier backing •All seams vulcanized to keep water out •100% waterproof •Inside utility pocket •Strong drawstring for better fit •Accessory rings •Molded foam knee pads for comfort •Lightweight for all day wearing •Vulcanized rubber boot is permanently attached to upper •Cleated outsole for traction •200 grams of Thinsulate™ Insulation for warmth •Rubber foam midsole for comfort •Steel Shank for stability,,99.95,,,,Fall,Boxed,13,Men
Mossy Oak with Brown Boots,7 to 13,WIN7063BU,WIN7063BU,HUNTING,BOOTS,Daybreak WIN7063BU,CAMO RUBBER KNEE BOOT,•100% waterproof •All vulcanized rubber construction with heavy canvas side panels •Camouflage pattern •Heavy cotton lining with cushioned removable insoles •Adjustable buckle cinch strap •Our special compounding formulation for ozone protection •200 grams of Thinsulate™ Insulation •Deep Cleated outsole for super traction Rubber Boots (Pro Line),,49.95,,,,Fall,Boxed,8,Men
Timber with Brown Boots,7 to 13,WIN7063TB,WIN7063TB,HUNTING,BOOTS,Daybreak WIN7063TB,CAMO RUBBER KNEE BOOT,•100% waterproof •All vulcanized rubber construction with heavy canvas side panels •Camouflage pattern •Heavy cotton lining with cushioned removable insoles •Adjustable buckle cinch strap •Our special compounding formulation for ozone protection •200 grams of Thinsulate™ Insulation •Deep Cleated outsole for super traction Rubber Boots (Pro Line),,49.95,,,,Fall,Boxed,8,Men
Mossy Oak with Brown Boots,7 to 13,WIN760MOB,WIN760MOB,HUNTING,BOOTS,Big Mike WIN760MOB,Leather and Nylon Hunting Boot,•Leather and Nylon upper •Rubber boot •600 grams of Thinsulate™ Ultra Insulation •Padded collar for comfort •Pull tab for easy and off •Removable bootie liner for extra comfort Hunting Boots (Pro Line),,49.95,,,,Fall,Boxed,6,Men
Brown,One Size,BELT,BELT,FISHING,ACCESSORY,WADER BELT,Wader Belt,"ADJUSTABLE WEBBING QUICK RELEASE BUCKLE IDEAL FOR WADERS, BEDROLLS, AND OTHER OUTDOOR GEAR",,5.45,,,,All,pre packaged,1,Accessories
Brown; Camo,One Size,WSB,WSB,FISHING,ACCESSORY,Pro Line WADER SUSPENDER WSB,Wader Suspender,Deluxe 1 1/2 inch wide elastic H-back design Synthetic Leather - Easy Snap,,9.95,,,,ALL,,1,Accessories
Dark Brown,"S, M, L, XL ",PG402STKFT,PG402STKFT,FISHING,WADER,PRO GEAR NEOPRENE WADER PG402STKFT,Neoprene Stocking Foot Wader,"• 100% Waterproof • 3 Piece Stocking Foot Design Fits Wading Shoes • Removable Suspenders So Wader Can Be Rolled Down • Vulcanized Rubber Construction • All Seams Are Cemented, Stitched And Sealed • Large Outside Pocket • Double Knee Patch",,40.95,30,,,ALL,BOXED,5,Men
Green; Tan,6 to 14,PG2000F,PG2000F,FISHING,BOOTS,PRO GEAR WADING SHOE PG2000F,Felt Outsole Wading Shoe,•Hard Rubber Toe •Upper Is Constructed Of 1200 Denier Condura •Large Padded Collar With Pull Strap •Wide Last (Width) To Accommodate All Neoprene Stocking Waders •Felt Outsole For Slip Protection,,44.95,34.95,,,ALL,BOXED,7,Men
Brown,7 to 14,PG700C,PG700C,FISHING,WADER,PRO GEAR RUBBER CHEST WADER PG700C,Rubber Chest Wader Cleated Outsole,"•100% Waterproof •Large Inside Utility Pocket, Chest Draw String, And Belt Loops •Vulcanized Rubber Construction •Reinforced Toe Cap •Heavy Cotton Lining With Sponge Insoles •Steel Shanks For Stability •Heavy Duty Double Thick Cleated Outsole For Traction",,32.95,15,,,ALL,BOXED,12,Men
Brown,One Size,PG1855,PG1855,FISHING,ACCESSORY,PRO GEAR PANT KEEPER PG1855,Pant Keeper,"•2.4mm Neoprene •Adjustable Hook &amp; Loop Closure •Keeps Pants &amp; Socks In Place •A Must For Waders, Hip Boots, Cycling &amp; 4-Wheeling",,5.95,,,,ALL,,1,Accessories
Light Brown,7 to 14,NW7700MX4,NW7700MX4,HUNTING,WADER,NW7700MX4,OSPREY,100% WATERPROOF 3.5MM NEOPRENE UPPER MATCHING CAMOUFLAGE ADJUSTABLE SUSPENDERS AND WADER BELT FOR BETTER FIT DOUBLE KNEEPADS 600 GRAMS OF THINSULATE ULTRA INSULATION ALL VULCANIZED CONSTRUCTION - OZONE RESISTANT COMPOUND STUDDED OUTSOLE,,109.95,,,,ALL,BOXED,12,Men
Camo,1 to 5,66001,66001,HUNTING,BOOTS,Mini Moc 66001,Baby infant shoes,Team Realtree; Baby Infant Shoes SIZE AGE LENGTH 1 0 -3 MONTHS UP TO 3; INCHES 2 3 -6 MONTHS UP TO 4 INCHES 3 6 -9 MONTHS UP TO 4 ; INCHES 4 9 -12 MONTHS UP TO 4; INCHES 5 12 -15 MONTHS UP TO 5 INCHES,Twin elastic gores for great fit Features genuine Realtree&#174; Hardwoods Grey™Camo materials Soft flexible soles as recommended by experts For indoor and outdoor use Infant sizes 1 to 5,17.95,,,,All,Blister Pack,"0,2",Baby
Grey Camo,1 to 5,66002,66002,HUNTING,BOOTS,Toasty 66002, Baby infant shoes,Team Realtree&#174; Baby Infant Shoes SIZE AGE LENGTH 1 0 -3 MONTHS UP TO 3 &#189; INCHES 2 3 -6 MONTHS UP TO 4 INCHES 3 6 -9 MONTHS UP TO 4 &#189; INCHES 4 9 -12 MONTHS UP TO 4 &#190; INCHES 5 12 -15 MONTHS UP TO 5 INCHES,Warm and toasty fleece collar Soft flexible soles as recommended by experts Features genuine Realtree&#174; Hardwoods Grey™ camo materials Elastic shoe laces provides great fit and will not untie For indoor and outdoor use Infant sizes 1 to 5,17.95,,,,All,Blister Pack,"0,23",Baby
Brown with camo trim,1 to 5,66003,66003,HUNTING,BOOTS,Cubby 66003,Baby infant shoes,Team Realtree&#174; Baby Infant Shoes SIZE AGE LENGTH 1 0 -3 MONTHS UP TO 3 &#189; INCHES 2 3 -6 MONTHS UP TO 4 INCHES 3 6 -9 MONTHS UP TO 4 &#189; INCHES 4 9 -12 MONTHS UP TO 4 &#190; INCHES 5 12 -15 MONTHS UP TO 5 INCHES,Features genuine Realtree&#174; Hardwoods Grey™ camo material Soft comfortable breathable fabris uppers Soft flexible soles as recommended by experts Soft padded collars For indoor and outdoor use Infant sizes 1 to 5,17.95,,,,All,Blister Pack,"0,2",Baby
Light Brown,1 to 5,66004,66004,HUNTING,BOOTS,Campy 66005,Baby infant sandal,Team Realtree&#174; Baby Infant Shoes SIZE AGE LENGTH 1 0 -3 MONTHS UP TO 3 &#189; INCHES 2 3 -6 MONTHS UP TO 4 INCHES 3 6 -9 MONTHS UP TO 4 &#189; INCHES 4 9 -12 MONTHS UP TO 4 &#190; INCHES 5 12 -15 MONTHS UP TO 5 INCHES,Features genuine Realtree&#174; Hardwoods Grey™ camo materials Elastic back straps for a great fit Soft flexible soles as recmmended by experts For indoor and outdoor use Infant sizes 1 to 5,17.95,,,,All,Blister Pack,"0,18",Baby
Camo with brown,1 to 5,66006,66006,HUNTING,BOOTS,66006, Baby infant cowboy shoe,SIZE AGE LENGTH 1 0 -3 MONTHS UP TO 3 &#189; INCHES 2 3 -6 MONTHS UP TO 4 INCHES 3 6 -9 MONTHS UP TO 4 &#189; INCHES 4 9 -12 MONTHS UP TO 4 &#190; INCHES 5 12 -15 MONTHS UP TO 5 INCHES,Features genuine Realtree&#174; Hardwoods Grey™ camo materials Hook and Loop closure for easy on and off and a perfect fit Soft flexible soles as recommended by experts For indoor and outdoor use Infant sizes 1 to 3 Team Realtree&#174; Baby Infant Shoes,19.95,,,,All,Blister Pack,"0,23",Baby
Yellow with Black,7 to 13,285M ADMIRAL,285M ADMIRAL,RUBBER BOOTS,BOOTS,285M - ADMIRAL,285M,"• 11 inch High Pull on Marine Boot • 100% Waterproof • Cotton Lining with Removeable Cushioned Insole • Embossed Rubber toe for Added Protection • Top of the Line Highly Resistant Non-Skid, Non-Marking Outsole • Heel Kicker for Easy On and Off",,44.95,,,,ALL,BOXED,6,Men
Black,One Size,WH88,WH88,FISHING,ACCESSORY,Wader Hanger WH88,Wader Hanger,"• Dries &amp; Protects Footwear • High Impact Plastic, Virtually Unbreakable • Corrosion Free",,11.95,,,,ALL,Pre-Packaged,1,Accessories
Brown with Black Knee Pads; Trim,7 to 14,2011F,2011F,FISHING,WADER,Stream 2011F,Men's Rubber Hip Wader Felt Sole,"• Vulcanized construction - factory tested 100% waterproof • Insulated boot with sponge rubber padding • Felt outsole for sure traction • Layered toe cap for longer wear • Aggressive padded knee for protection and comfort • Large inside utility pocket • Draw string for better fit • Reinforced belt loops (wading belt recommended, not included) • Inside knee harness for alternative wear • Adjustable side strap for better fit",,54.95,,,,All Seasons,Boxed,10,Men
Khaki,7 to 14,W295D,W295D,FISHING,BOOTS,Navasink W295D,Felt Outsole with D-Rings,"• The most rugged wading shoe available today • The upper is constructed of 1200 denier nylon, reinforced with rubber foxing tape and hard rubber toes • Large padded collar with pull on strap and drain holes • The width is wide and will accommodate all stocking foot waders",,49.95,,,,All Seasons,Boxed,5,Men
Brown with Mossy Oak ,8 to 13 with half sizes up to 10.5,WIN61605MOB,WIN61605MOB,HUNTING,BOOTS,WIN61605MOB,Men's Hunting Boot GAMETRAX,camo hunting boot • 100% waterproof construction with Proline waterproof system • 600 grams of Thinsulate Ultra Insulation • Premium oil nubuck leather and nylon upper • Black rubber toe and heel reinforcement • Came wrapped EVA midsole and rubber outsole • Removeable insole,,89.95,,,,All Season,Boxed,4,Men
Pink with camo,1 to 5,66006PNK,66006PNK,HUNTING,BOOTS,66006 Pink,Baby infant cowgirl shoe,SIZE AGE LENGTH 1 0 -3 MONTHS UP TO 3 &#189; INCHES 2 3 -6 MONTHS UP TO 4 INCHES 3 6 -9 MONTHS UP TO 4 &#189; INCHES 4 9 -12 MONTHS UP TO 4 &#190; INCHES 5 12 -15 MONTHS UP TO 5 INCHES,Warm and toasty fleece collar Soft flexible soles as recommended by experts Features genuine Realtree&#174; Hardwoods Grey™ camo materials Elastic shoe laces provides great fit and will not untie For indoor and outdoor use Infant sizes 1 to 5,19.95,,,,All,Blister Pack,"0,23",Baby
Brown Camo,7 to 14,710,710,FISHING,WADER,Walnut Canyon 710,Men's Canvas Chest Wader,"• High content rubber compound • Deep cleated gum rubber outsole • Steel Shanks • 100% Waterproof • All vulcanized rubber construction • Cushion insoles • 3-Ply construction on upper • Insulated throughout the entire bottom over the ankle with sponge rubber • Belt Loops, chest draw lace, large inside pocket on wader",,89.95,,,,All Seasons,Boxed,10,Men
Brown with Black Trim,7 to 13 with half sizes up to 11.5,85203,85203,PAC BOOTS,BOOTS,85203 - Sierra Series,Men's 5 Eye Lace Up,• Oil leather uppers are rugged and durable • Five Eye lace up boot for good fit • Soft padded collar for snug fit • Removable insole for all day wear • Waterproof rubber bottom • Nylex and foam lining for comfort • Molded outsole for super traction • 200 grams of Thermolite&#174; Insulation,,34.95,,,,WINTER,BOXED,6,Men
Black with Red Trim,"youth 10, 11, 12, 13, 1, 2; boy's 3, 4, 5 , 6",121,121,RUBBER BOOTS,BOOTS,121B/Y,Boy's/Youth Black Knee Rubber Boot,• All vulcanized rubber construction • 100% waterproof • High content rubber compounds provide strength and durability • All have deep cleated rubber outsole • Steel shanks for stability Rubber Boots (Pro Line),,29.95,,,,All Seasons,Boxed,6,Children
Dark Brown,7 to 13,64003,64003,WORK BOOTS,BOOTS,64003 Rampage,Work Boot,• 100% Waterproof/Breathable Gore-Tex&#174; Membrane • Non-insulated • Full Grain Leather • EVA Cushion Midsole • Removable PU Insole for All Day Wear • Padded Collar for Snug Fit • Pull Tab for Easy On and Off • Sensor Trak™ / Vibram&#174; Outsole,,109.95,,,,All Seasons,Boxed,"3,2",Men
Brown,8 to 14,64005ST,64005ST,WORK BOOTS,BOOTS,64005ST - BAJA,Work Hiker Comp Toe,• 100% Waterproof/Breathable Gore-Tex&#174; Membrane • Full Grain Leather with Nylon Inserts • Composite Safety Toe Cap meets ASTM Safety Standards • Black Toe and Heel Reinforcement • Non-Insulated • EVA Cushion Midsole • Removable PU Insole for All Day Wear • Padded Collar for Snug Fit • Pull Tab for Easy On and Off • Sensor Trak™ / Vibram&#174; Outsole with Electrical Hazard Rating,,109.95,,,,All Seasons,Boxed,"3,3",Men
Dark Brown,8 to 14,64002,64002,WORK BOOTS,BOOTS,64002 - RAMPAGE 8&quot;,8&quot; Work Boot Soft Toe,• 100% Waterproof/Breathable Gore-Tex&#174; Membrane • Non-insulated • Full Grain Leather • EVA Cushion Midsole • Removable PU Insole for All Day Wear • Padded Collar for Snug Fit • Pull Tab for Easy On and Off • Sensor Trak™ / Vibram&#174; Outsole,,109.95,,,,All Seasons,Boxed,"3,4",Men
Brown,7 to 14,61108,61108,WORK BOOTS,BOOTS,61108 - HIGHLANDER 9&quot;,9&quot; All Leather Hunting Boot,• 100% Waterproof/Breathable Gore-Tex&#174; Membrane • Full Grain Leather • 600 grams Thinsulate™ Ultra Insulation • EVA Cushion Midsole • Removable PU Insole for All Day Wear • Padded Collar for Snug Fit • Pull Tab for Easy On and Off • Sensor Trak™ / Vibram&#174; Outsole,,129.95,,,,All Seasons,Boxed,"3,8",Men
Brown,7 to 13,WIN82601BRN,WIN82601BRN,PAC BOOTS,BOOTS,WIN82601BRN - Copper Point 10&quot;,Pull On Boot,• 100% waterproof • Suede leather and camo nylon inserted upper • 600 grams of Thinsulate™ Insulation • TPR Molded Shell • Removeable Insole • Elastic gores and padded collar for snug fit • Pull tab for easy on and off • Injected TPR outsole for better traction,,49.95,,,,All Seasons,Boxed,3,Men
White,7 to 13,17301,17301,RUBBER BOOTS,BOOTS,17301 - 14&quot; White PVC Boot,17301 - White PVC Boot,"100% waterproof One piece construction Net lined for easy on and off Slip resistant, oil resistant cleated sole",,29.95,,,,All,Poly Bag,4,Men
Brown with Camo,7 to 13,WIN82601CAMO,WIN82601CAMO,PAC BOOTS,BOOTS,WIN82601CAMO - YUCATAN,WIN82601CAMO - YUCATAN,100% waterproof • Suede leather and camo nylon inserted upper • 600 grams of Thinsulate™ Insulation • TPR Molded Shell • Removeable Insole • Elastic gores and padded collar for snug fit • Pull tab for easy on and off • Injected TPR outsole for better traction,,49.95,,,,All,BOXED,3,Men
Brown with Black Knee Pads; Trim,"Youth 11, 12, 13, 1, 2 ",2011-Y,2011-Y,FISHING,WADER,2011-Y,Youth's Rubber Hip Boot,Vulcanized construction - factory tested 100% waterproof • Insulated boot with sponge rubber padding • Deep cleated outsole for sure traction • Layered toe cap for longer wear • Aggressive padded knee for protection and comfort • Inside knee harness for alternative wear • Adjustable side strap for better fit,,54.95,,,,ALL,Poly Bag,7,Children
Brown ,7 to 13,82203,82203,PAC BOOTS,BOOTS,82203 Sierra Series,Pull On Winter Boot,• Oil leather uppers are rugged and durable • Pull on boot with pull tab • Removable insole for all day wear • Waterproof rubber bottom • Nylex and foam lining for comfort • Molded outsole for super traction • 200 grams of Thermolite&#174; Insulation,,34.95,,,,Winter,Boxed,6,Men
Tan,5 to 10,88201W,88201W,PAC BOOTS,BOOTS,88201W HIGH SIERRA,WOMEN'S PAC BOOTS,•Suede leather upper with 1200 denier nylon padded tongue for comfort •Removable liner with 200 grams of Thinsulate™ Insulation for warmth •Molded outsole for superior traction •Pull tab for easy on and off •Rust proof hooks and D-rings for quick lacing Height 10 inches,,59.95,,,,WINTER,BOXED,5,Women
Dark Green,7 to 14,72101,72101,FISHING,WADER,72101,72101 Twin River,•100% Waterproof •Extremely lightweight rubber construction with 300D nylon lamination but with durability and strength to protect •Cleated outsole for sure traction •Removable insole for all day wearing comfort •Strong drawstring for better fit Large inside pocket for extra storage,,79.95,,,,ALL,Boxed,8,Men
Camo,8 to 13,WIN14103TT,WIN14103TT,HUNTING,BOOTS,Ridge Buster- WIN14103TT,Camo Rubber Knee Boot,"100% waterproof - all vulcanized rubber construction 100% Scent Free 1,000 grams of Thinsulate Ultra Insulation Side Zipper for easy on and off Moisture wicking lining Removable Cushion INsole Steel Shank for stability Molded Rubber outsole for super traction",,99.95,,,,All,Boxed,"6,5",Men
Tan; Green,8 to 14,56301,56301,FISHING,BOOTS,Pro-Clear 56301,56301 Pro Clear,Synthetic leather and mesh upper Reinforced toe and heel Lightweight EVA midsole Removable insole Padded collar Pull loop for easy on and off Drain holes ECO-TRAK BOTTOM IS A NEW REVOLUTIONARY RUBBER COMPOUND THAT GIVES YOU THE SLIP RESISTANCE THAT YOU HAVE COUNTED ON WITH FELT,,89.95,,,,ALL,Boxed,"2,5",Men
Dark Brown,8 to 14 including half sizes up to 10.5,64002ST -W,64002ST -W,WORK BOOTS,BOOTS,64002ST - Wide RAMPAGE SERIES,8&quot; WORK BOOT,• 100% Waterproof/Breathable Gore-Tex&#174; Membrane • Non-insulated • Full Grain Leather • EVA Cushion Midsole • Removable PU Insole for All Day Wear • Padded Collar for Snug Fit • Pull Tab for Easy On and Off • Sensor Trak™ / Vibram&#174; Outsole Composite Safety Toe Meets ASTM safey standard and outsole with electrical hazard rating,,119.95,,,,ALL,BOXED,"3,7",Men
Tan; Green,5 to 10,56301W,56301W,FISHING,BOOTS,Pro-Clear 56301 Women,56301W Pro Clear,Synthetic leather and mesh upper Reinforced toe and heel Lightweight EVA midsole Removable insole Padded collar Pull loop for easy on and off Drain holes ECO-TRAK BOTTOM IS A NEW REVOLUTIONARY RUBBER COMPOUND THAT GIVES YOU THE SLIP RESISTANCE THAT YOU HAVE COUNTED ON WITH FELT,,89.95,,,,ALL,Boxed,"2,5",Women
Dark Green,One Size,HS,HS,FISHING,BOOTS,HS- HIP BOOT SHOULDER STRAP,Hip Boot Shoulder Strap,Shoulder Harness For Better Fitting Hip Boots Allows Flexibility No Stress on Clothing,,8.95,,,,ALL,Pre packaged,"0,5",Accessories
Dark Camo,7 to 13,WIN66008AP,WIN66008AP,HUNTING,SLIPPERS,WIN66008AP,Men's fleece lined slip on slipper,Brushed tricot upper Genuine REALTREE AP™ Camo Soft cushion footbed for comfort Fleece lining TPR outsole,,18.95,,,,All Seasons,Boxed,1,Men
Light Camo,7 to 13,WIN66010AP,WIN66010AP,HUNTING,SLIPPERS,WIN66010AP,Men's closed back slip on slipper,Brushed tricot upper Genuine REALTREE ™ Camo Soft cushion footbed for comfort Tricot lining TPR outsole,,18.95,,,,All Seasons,Boxed,1,Men
Light Camo,7 to 13,WIN66007AP,WIN66007AP,HUNTING,SLIPPERS,WIN66007AP,Men's open back slip on slipper,Brushed tricot upper Genuine REALTREE AP™ Camo Soft cushion footbed for comfort Fleece lining TPR outsole,,18.95,,,,All Seasons,Boxed,1,Men
White with brown accents,"XS, S, M , L",WIN66009APS,WIN66009APS,HUNTING,SLIPPERS,WIN66009APS WOMEN,Women's slip on slipper,Micro suede upper Genuine REALTREE AP HD&#174; SNOW Soft cushion footbed for comfort Fleece lining TPR outsole,,18.95,,,,All Seasons,Boxed,1,Women
Pink with brown acents,"XS, S, M , L",WIN66009APP,WIN66009APP,HUNTING,SLIPPERS,WIN66009APP WOMEN,Women's slip on slipper,Micro suede upper Genuine REALTREE AP HD&#174; COLORS Soft cushion footbed for comfort Fleece lining TPR outsole,,18.95,,,,All Seasons,Boxed,1,Women
Camo,7 to 13,WIN12103TT,WIN12103TT,HUNTING,BOOTS,Polar Tracker - WIN12103TT,,"100% waterprood - all vulanized rubber construction 100 % scent free 1,000 grams of Thinsulate Ultra Insulation Molded rubber outsole TrueTimber&#174; Camo Height: 16&quot;",,69.95,,,,ALL,Boxed,"6,5",Men
Black,7 to 13,W375F,W375F,FISHING,BOOTS,Fishkill W375F,Fishkill Felt Outsole,5mm Neoprene uuper with side zipper Reinforced rubber vamp and heel counter Side zipper easy on-off,,54.95,44.95,,,All Season,Boxed,2,Men
Brown,"S, M, L, XL, XL, XXL, 4XL, MK, LK",NW959,NW959,FISHING,WADER,NW959,Neoprene Stocking Foot Wader,• 3.5mm Neoprene upper • 10&quot; Molded cushioned knee pads • High back construction • Front storage pocket with self closing flap • Durable Neoprene bottoom • Nylon 2 inch adjustable suspenders • Removable gravel guards with lave keeper • 100 waterproof,,84.95,,,,ALL,Boxed,5,Men
Dark Brown,7 to 13,3142,3142,FISHING,WADER,Pro Liner 3142,3ply Stretch Chest Wader Felt Sole,"• 100% waterproof • Innovative construction of Stretchable, Lightweight and Durable 3-ply nylon jersey/rubber/nylon jersey material • Test proven superiority over canvas, rubber or nylon for abrasion resistant • Reinforced knee pads • Outside rubber pull strap for tighter fit • Adjustable nylon wader strap • Ozone resistant special rubber compounding to avoid cracking and deterioration • Felt outsole for slip protection • 200 grams of Thinsulate™ Insulation • Soft PU sponge rubber for extra insulation in shaft",,89.95,,,,All Seasons,Boxed,13,Men
Felt Outsole; Dark Brown,7 to 14,NW9703,NW9703,FISHING,WADER,NW9703,Neoprene Chest Wader Felt Outsole,"Neoprene Chest Waders • 3.5MM neoprene lightweight, insulated, snug fit • Each wader is air and water tested to assure waterproof • All seams are butt cemented, stitched and sealed • Removable suspenders so wader upper can be rolled down • Quick release buckles • Large outside pocket • Double knee patches",,109.95,,,,All Seasons,Boxed,10,Men
Dark Brown,7 to 15 including half sizes up to 10.5,WIN67029,WIN67029,WORK BOOTS,BOOTS,WIN67029 11&quot; Wellington,,• Oiled full grain leather uppers • Pull hoels for easy on • Steel shanks • Rhinotuff Removable orthotics • Lightweight oil resistant PU outsoles • Moisture wicking lining,,89.95,,,,All Seasons,Boxed,6,Men
Mossy Oak,7 to 13,16002MOB,16002MOB,RUBBER BOOTS,BOOTS,16002MOB,Camo Printed Rubber Boot,• Completely insulated with foam rubber around the entire foot • 100% waterproof • All vulcanized rubber construction • Heavy cotton lining and cushioned insoles with steel shanks for comfort and support • Adjustable buckle cinch strap • Ozone resistant rubber compound,,54.95,,,,All Seasons,Boxed,8,
Khaki,7 to 13,32401KHK,32401KHK,FISHING,WADER,Proliner 32401,Men's 3 Ply Chest Wader Felt Sole,"• Innovative One Piece, Seamless construction of Stretchable, Lightweight and Durable 3-ply nylon jersey/rubber/nylon jersey material • Test proven superiority over canvas, rubber or nylon for abrasion resistant • Reinforced knee pads • Large inside pocket for extra storage • Belt loops • YKK&#174; buckles for extra quality &amp; wear • Inside draw string for snug fit • Ozone resistant special rubber compounding to avoid cracking and deterioration • Felt outsole • 200 grams of Thinsulate™ Insulation • Soft PU sponge rubber for extra insulation in shaft",,99.95,89.95,,,All Seasons,Boxed,13,Men
Brown,7 to 13,W575,W575,FISHING,BOOTS,W575,Welted Wading Shoe,• The upper is a combination of PVC and 1000 denier nylon for ling wear • Soft padded collar for snug fit • Rust resistan D-rings and eyelets for easy lacing • Removable insole for comfort and quick drying • Wet Construction allows better fit and prolings durability • Upper is stitcjed to outsole for long wear and stability • Felt outsole for better traction,,59.95,,,,All Seasons,Boxed,5,Men
Camo,na,1111 CAMO,1111 CAMO,HUNTING,ACCESSORY,1111CAMO,Can Holder - Camo,• Keeps cold drinks cold and hot drinks hot • Non-slip bottom • Insulated rubber,,6.95,,,,All Season,,1,Accessories
Brown,One Size,Gravel Guard,Gravel Guard,FISHING,ACCESSORY,Gravel Guard,Nylon-Neoprene-Nylon Laminated Gravel Guard,• Nylon-Neoprene-Nylon Laminated • Nylon lace keeper • Stitched; covered seam,,5.95,,,,All Season,,1,Accessories
NA,NA,ProSeal,ProSeal,FISHING,ACCESSORY,ProSeal,Flexible Urethane Repair Adhesive,"• Flexible urethane repair adhesive • Waterproof, permanent",,5.95,,,,All Season,,"0,5",
Black,One Size,WBAG,WBAG,FISHING,ACCESSORY,WBAG,Wader Bag,• Nylon construction for ideal wader storage • Heavy duty zippers &amp; straps,,18.95,,,,All Season,,1,Accessories
Mossy Oak,3 to 6,WIN7063MOB-B,WIN7063MOB-B,HUNTING,BOOTS,Daybreak WIN7063MOB-B,BOY'S CAMO RUBBER KNEE BOOT,•100% waterproof •All vulcanized rubber construction with heavy canvas side panels •Camouflage pattern •Heavy cotton lining with cushioned removable insoles •Adjustable buckle cinch strap •Our special compounding formulation for ozone protection •200 grams of Thinsulate™ Insulation •Deep Cleated outsole for super traction Rubber Boots (Pro Line),,44.95,,,,Fall,Boxed,7,Children
Brown,7 to 13,WIN64010,WIN64010,WORK BOOTS,BOOTS,WIN64010,5&quot; Classic Romeo Slip-On,• Non-waterproof • Crazy Horse leather upper • Front and back pull ioops • Removable orthotic polyurethane insole • Rubber bumper guard • Steel shank • Oil/Slip/Acid resistant rubber outsole • Goodyear&#174; welt construction,,79.95,,,,All Seasons,Boxed,4,Men
Mossy Oak,8 to 13,71104MOB,71104MOB,HUNTING,WADER,71104 MOB,Rolldown Hip Boot,• 100% waterproof • New look with double layer • 420 Denier nylon with hip strap • Inner lining backed with PVC waterproofing folds and snaps down securely • Rugged outsole with Ice Sensor™ compound for superior traction,,89.95,,,,All Seasons,Boxed,10,Men
Brown with Black,5 to 10,89002W,89002W,PAC BOOTS,BOOTS,89002WOMEN,Women's Camper Clog 4&quot;,• Premium Nubuck leather upper • Waterproof molded TPR shell for long wearing • Padded collar for snug fit • Removable insole for All day comfort,,39.95,,,,All,Boxed,3,Women
Black,7 to 15 including half sizes up to 10.5,WIN64402ST WIDE,WIN64402ST WIDE,WORK BOOTS,BOOTS,WIN64402ST WIDE,Winchester 10&quot; Logger Boots,• 100% waterproof construction with Winchester waterproof system • 400 grams of Thinsulate Ultra Insulation • Fully lined with moisture wicking • Removable orthotic PU insole • Steel Shank • Oil resistant rubber outsole,,124.95,,,,All,Boxed,5,Men
Black,7 to 15 including half sizes up to 10.5,WIN64402ST MED,WIN64402ST MED,WORK BOOTS,BOOTS,WIN64402ST MED,Winchester 10&quot; Logger Boots,• 100% waterproof construction with Winchester waterproof system • 400 grams of Thinsulate Ultra Insulation • Fully lined with moisture wicking • Removable orthotic PU insole • Steel Shank • Oil resistant rubber outsole,,124.95,,,,All,Boxed,5,Men
Black,7 to 15 including half sizes up to 10.5,WIN64402 MED,WIN64402 MED,WORK BOOTS,BOOTS,WIN64402 MED,Winchester 10&quot; Logger Boots,• 100% waterproof construction with Winchester waterproof system • 400 grams of Thinsulate Ultra Insulation • Fully lined with moisture wicking • Removable orthotic PU insole • Oil resistant rubber outsole,,116.95,,,,All,Boxed,4,Men
Black,7 to 15 including half sizes up to 10.5,WIN64402 WIDE,WIN64402 WIDE,WORK BOOTS,BOOTS,WIN64402 WIDE,Winchester 10&quot; Logger Boots,• 100% waterproof construction with Winchester waterproof system • 400 grams of Thinsulate Ultra Insulation • Fully lined with moisture wicking • Removable orthotic PU insole • Oil resistant rubber outsole,,116.95,,,,All,Boxed,4,Men
Black,7 to 15 including half sizes up to 10.5,WIN64403 MED,WIN64403 MED,WORK BOOTS,BOOTS,WIN64403 MED,Winchester 10&quot; Logger Boots,• 100% waterproof construction with Winchester waterproof system • 400 grams of Thinsulate Ultra Insulation • Fully lined with moisture wicking • Removable orthotic PU insole • Oil resistant rubber outsole,,116.95,,,,All,Boxed,4,Men
Black,7 to 15 including half sizes up to 10.5,WIN64403 WIDE,WIN64403 WIDE,WORK BOOTS,BOOTS,WIN64403 WIDE,Winchester 10&quot; Logger Boots,• 100% waterproof construction with Winchester waterproof system • 400 grams of Thinsulate Ultra Insulation • Fully lined with moisture wicking • Removable orthotic PU insole • Oil resistant rubber outsole,,116.95,,,,All,Boxed,4,Men
Black,7 to 15 including half sizes up to 10.5,WIN64403ST MED,WIN64403ST MED,WORK BOOTS,BOOTS,WIN64403ST MED,Winchester 10&quot; Logger Boots,• 100% waterproof construction with Winchester waterproof system • 400 grams of Thinsulate Ultra Insulation • Fully lined with moisture wicking • Removable orthotic PU insole • Steel Shank • Oil resistant rubber outsole,,124.95,,,,All,Boxed,5,Men
Black,7 to 15 including half sizes up to 10.5,WIN64403ST WIDE,WIN64403ST WIDE,WORK BOOTS,BOOTS,WIN64403ST WIDE,Winchester 10&quot; Logger Boots,• 100% waterproof construction with Winchester waterproof system • 400 grams of Thinsulate Ultra Insulation • Fully lined with moisture wicking • Removable orthotic PU insole • Steel Shank • Oil resistant rubber outsole,,124.95,,,,All,Boxed,5,Men
Brown,7 to 15 including half sizes up to 10.5,WIN64012 MED,WIN64012 MED,WORK BOOTS,BOOTS,WIN64012 MED,Winchester Classic 8&quot; Lace Up,• Non-waterproof • Crazy horse leather • Front and back loops • Removable orthotic polyurethane insoles • Rubber bumper guards • Oil/Slip/Acid resistant rubber outsole • Goodyear&#174; Welt Construction,,99.95,,,,All,Boxed,4,Men
Brown,7 to 15 including half sizes up to 10.5,WIN64012 WIDE,WIN64012 WIDE,WORK BOOTS,BOOTS,WIN64012 WIDE,Winchester Classic 8&quot; Lace Up,• Non-waterproof • Crazy horse leather • Front and back loops • Removable orthotic polyurethane insoles • Rubber bumper guards • Oil/Slip/Acid resistant rubber outsole • Goodyear&#174; Welt Construction,,99.95,,,,All,Boxed,4,Men
Brown,7 to 15 including half sizes up to 10.5,WIN64012ST MED,WIN64012ST MED,WORK BOOTS,BOOTS,WIN64012ST MED,Winchester Classic 8&quot; Lace Up,• Non-waterproof • Crazy horse leather • Front and back loops • Removable orthotic polyurethane insoles • Rubber bumper guards • Oil/Slip/Acid resistant rubber outsole • Goodyear&#174; Welt Construction • Steel Shank,,109.95,,,,All,Boxed,"4,5",Men
Brown,7 to 15 including half sizes up to 10.5,WIN64012ST WIDE,WIN64012ST WIDE,WORK BOOTS,BOOTS,WIN64012ST WIDE,Winchester Classic 8&quot; Lace Up,• Non-waterproof • Crazy horse leather • Front and back loops • Removable orthotic polyurethane insoles • Rubber bumper guards • Oil/Slip/Acid resistant rubber outsole • Goodyear&#174; Welt Construction • Steel Shank,,109.95,,,,All,Boxed,"4,5",Men
Grey,5-6; 7-8; 9-10;11-12; 13-15,69001,69001,WORK BOOTS,ACCESSORY,69001 RhnoTuff Insoles,RhnoTuff Insoles,Construction Work Landscaping Outdoor Recreation Military and Law Enforcement,,19.95,,,,All,,"0,5",Accessories
Brown  with Camo,7 to 13,HS14104AP,HS14104AP,HUNTING,BOOTS,HS14104AP,Men's 1000g Spantough Knee Boot,• 100% waterproof • Realtree AP pattern • 3.5mm neoprene • Spantough side panel • Black toe and heel reinforment • 1000 grams thinsulate ultra insulation • Molded rubber outsole • Removable insole,,44.95,20,,,All,Boxed,10,Men
Brown with Black,7 to 13,89002,89002,PAC BOOTS,BOOTS,89002,Men's Camper Clog 4&quot;,• Premium Nubuck leather upper • Waterproof molded TPR shell for long wearing • Padded collar for snug fit • Removable insole for All day comfort,,39.95,,,,All,Boxed,3,Men
Brown,7 to 14,NW6500BRN,NW6500BRN,FISHING,WADER,NW6500BRN,NW6500BRN Pro Flight,• 100% waterproof • 3.5mm neoprene upper • Adjustable side panels to fit medium to extra large hunters • Front pocket with hook and loop closure • Hand warmer pocket • Molded cushion padded knees • Adjustable suspenders for perfect fit Rubber Boot Foot • 400 grams of Thinsulate™ Ultra Insulation for superior warmth • Special rubber compound which is ozone resistant to avoid cracking and deterioration • Wool felt midsole to keep cold out,,139.95,,,,All,Boxed,12,Men